,id,name,birth_date,taxpayer_registry,registration_completed,gender,mothers_name,image_url,registration_completed_at,created_at,updated_at
0,1,Marissa Saunders,19/03/1997,16351923776,0,M,Mary Davis,,2019-03-31 06:51:41.133165,2019-03-31 06:51:41.133247,2019-03-31 06:51:41.133319
1,2,Jason Thorpe,11/09/1968,27443036779,1,F,Betty Barnett,,2019-03-31 06:51:41.133168,2019-03-31 06:51:41.133248,2019-03-31 06:51:41.133320
2,3,Laura Criswell,22/06/1993,43438722621,1,M,Susie Tice,,2019-03-31 06:51:41.133169,2019-03-31 06:51:41.133249,2019-03-31 06:51:41.133321
3,4,Dorothy Kramer,21/02/1992,49505340521,0,F,Barbara Kirsch,,2019-03-31 06:51:41.133169,2019-03-31 06:51:41.133249,2019-03-31 06:51:41.133321
4,5,Dewayne Skelly,07/01/1951,29881716914,1,M,Sharon Ramirez,,2019-03-31 06:51:41.133169,2019-03-31 06:51:41.133249,2019-03-31 06:51:41.133322
5,6,Annita Oleary,30/11/1961,47113841341,0,M,Lottie Rodriquez,,2019-03-31 06:51:41.133170,2019-03-31 06:51:41.133250,2019-03-31 06:51:41.133322
6,7,Stephanie Miller,26/12/1958,15188879600,0,F,Debra Copas,,2019-03-31 06:51:41.133170,2019-03-31 06:51:41.133250,2019-03-31 06:51:41.133323
7,8,Jamal Jackson,27/03/1982,36485634000,1,F,Ashley Olmos,,2019-03-31 06:51:41.133170,2019-03-31 06:51:41.133250,2019-03-31 06:51:41.133323
8,9,Flora Hocker,27/06/1967,33997537130,0,M,Christine Mcallister,,2019-03-31 06:51:41.133171,2019-03-31 06:51:41.133250,2019-03-31 06:51:41.133324
9,10,Pat Rhyne,26/07/1941,35633808304,1,M,Lisa Allred,,2019-03-31 06:51:41.133171,2019-03-31 06:51:41.133251,2019-03-31 06:51:41.133324
10,11,Joseph Turpin,08/02/1970,42155548548,0,F,Hazel Cooper,,2019-03-31 06:51:41.133171,2019-03-31 06:51:41.133251,2019-03-31 06:51:41.133325
11,12,Jennifer Sandler,02/07/1971,27966299553,1,F,Tia Polo,,2019-03-31 06:51:41.133172,2019-03-31 06:51:41.133252,2019-03-31 06:51:41.133325
12,13,Joe Carrick,28/03/1960,34106148924,0,F,Sarah Ashpole,,2019-03-31 06:51:41.133172,2019-03-31 06:51:41.133252,2019-03-31 06:51:41.133326
13,14,Jennifer Smith,27/12/1954,27658635431,0,F,Regina Kennan,,2019-03-31 06:51:41.133172,2019-03-31 06:51:41.133252,2019-03-31 06:51:41.133326
14,15,Barbara Dorn,09/08/1973,40179663903,1,F,Mary Moore,,2019-03-31 06:51:41.133173,2019-03-31 06:51:41.133252,2019-03-31 06:51:41.133327
15,16,David Pratt,25/09/1941,42800923177,1,M,Judy Gunter,,2019-03-31 06:51:41.133173,2019-03-31 06:51:41.133253,2019-03-31 06:51:41.133327
16,17,Glen Robinson,13/05/1949,26032441532,0,M,Rebecca Ayala,,2019-03-31 06:51:41.133173,2019-03-31 06:51:41.133253,2019-03-31 06:51:41.133328
17,18,Alberto Waller,08/03/1943,24126767467,1,F,Blanche Scarborough,,2019-03-31 06:51:41.133174,2019-03-31 06:51:41.133253,2019-03-31 06:51:41.133328
18,19,Marlene Simpson,12/05/1993,31634181734,0,M,Louise Roudabush,,2019-03-31 06:51:41.133174,2019-03-31 06:51:41.133254,2019-03-31 06:51:41.133329
19,20,Courtney Camp,10/08/1951,19690339637,1,M,Betsy Tribbett,,2019-03-31 06:51:41.133174,2019-03-31 06:51:41.133254,2019-03-31 06:51:41.133329
20,21,Jesus Moore,17/11/1994,45703190218,1,F,Amber Smith,,2019-03-31 06:51:41.133174,2019-03-31 06:51:41.133254,2019-03-31 06:51:41.133330
21,22,David Hurley,11/09/1993,23919421951,1,F,Lynn Quirk,,2019-03-31 06:51:41.133175,2019-03-31 06:51:41.133255,2019-03-31 06:51:41.133330
22,23,Sharon Hunter,28/03/1960,44373743231,1,F,Stacey Dage,,2019-03-31 06:51:41.133175,2019-03-31 06:51:41.133255,2019-03-31 06:51:41.133331
23,24,John Pentz,07/04/1988,42204286506,0,M,Betty Butler,,2019-03-31 06:51:41.133175,2019-03-31 06:51:41.133255,2019-03-31 06:51:41.133331
24,25,James Allen,22/05/1989,13402742570,0,F,Jessica Melville,,2019-03-31 06:51:41.133176,2019-03-31 06:51:41.133256,2019-03-31 06:51:41.133332
25,26,Michael Wahl,15/05/1984,43602360340,0,M,Ruth Guess,,2019-03-31 06:51:41.133176,2019-03-31 06:51:41.133256,2019-03-31 06:51:41.133333
26,27,Maggie Williams,13/02/1945,14505066146,0,F,Joana Salvas,,2019-03-31 06:51:41.133176,2019-03-31 06:51:41.133256,2019-03-31 06:51:41.133333
27,28,Jack Snell,27/08/1967,16012584628,1,F,Elizabeth Bridgham,,2019-03-31 06:51:41.133177,2019-03-31 06:51:41.133257,2019-03-31 06:51:41.133334
28,29,Jennifer Ramirez,06/06/1957,38784548394,0,F,Mary Durham,,2019-03-31 06:51:41.133177,2019-03-31 06:51:41.133257,2019-03-31 06:51:41.133334
29,30,Tina Gochenour,26/03/2003,45992994887,1,F,Marcia Holder,,2019-03-31 06:51:41.133177,2019-03-31 06:51:41.133257,2019-03-31 06:51:41.133335
30,31,Wilma Palmer,03/02/1945,46391462071,1,M,Carole Londner,,2019-03-31 06:51:41.133178,2019-03-31 06:51:41.133258,2019-03-31 06:51:41.133335
31,32,Alonzo Salvo,13/09/1983,27458616282,0,M,Joan Deyo,,2019-03-31 06:51:41.133178,2019-03-31 06:51:41.133258,2019-03-31 06:51:41.133336
32,33,George Larson,15/05/2004,12983190949,1,M,Marie Nichelson,,2019-03-31 06:51:41.133178,2019-03-31 06:51:41.133258,2019-03-31 06:51:41.133336
33,34,Mable Crown,12/08/1946,38008453720,1,M,Tara Sullivan,,2019-03-31 06:51:41.133179,2019-03-31 06:51:41.133258,2019-03-31 06:51:41.133336
34,35,Marylou Kappler,04/06/1964,13915601801,0,M,Toni Johnson,,2019-03-31 06:51:41.133179,2019-03-31 06:51:41.133259,2019-03-31 06:51:41.133337
35,36,Franklin Lewis,04/06/1943,35498836284,0,F,Jesusita Herald,,2019-03-31 06:51:41.133179,2019-03-31 06:51:41.133259,2019-03-31 06:51:41.133337
36,37,Shirley Silverstein,12/06/1947,29684326389,1,F,Nicole Lindholm,,2019-03-31 06:51:41.133180,2019-03-31 06:51:41.133259,2019-03-31 06:51:41.133337
37,38,Eugene Hattaway,30/05/1994,21327190627,1,F,Ann Espinal,,2019-03-31 06:51:41.133180,2019-03-31 06:51:41.133260,2019-03-31 06:51:41.133338
38,39,Jessica Caulfield,31/05/1946,15188161844,1,M,Pat Schuttler,,2019-03-31 06:51:41.133180,2019-03-31 06:51:41.133260,2019-03-31 06:51:41.133338
39,40,Marian Nicholas,13/06/1949,42718852580,1,F,Rita Woodward,,2019-03-31 06:51:41.133181,2019-03-31 06:51:41.133260,2019-03-31 06:51:41.133338
40,41,Ronald Robinson,03/01/1944,28231536547,1,F,Ida Coston,,2019-03-31 06:51:41.133181,2019-03-31 06:51:41.133261,2019-03-31 06:51:41.133339
41,42,Julie Bagwell,26/12/1960,33404312712,1,M,Elizabeth Stackhouse,,2019-03-31 06:51:41.133181,2019-03-31 06:51:41.133261,2019-03-31 06:51:41.133339
42,43,Ricky Elias,11/02/1952,48361497621,1,M,Maryanne Malinsky,,2019-03-31 06:51:41.133182,2019-03-31 06:51:41.133261,2019-03-31 06:51:41.133339
43,44,Alexander Wooley,07/03/1960,36281854410,1,M,Patricia Brown,,2019-03-31 06:51:41.133182,2019-03-31 06:51:41.133262,2019-03-31 06:51:41.133340
44,45,Debra Owenby,17/03/1956,42908367565,1,F,Ivy Prahl,,2019-03-31 06:51:41.133182,2019-03-31 06:51:41.133262,2019-03-31 06:51:41.133340
45,46,Anthony Prince,26/12/1969,26468458422,1,F,Susie Smith,,2019-03-31 06:51:41.133182,2019-03-31 06:51:41.133262,2019-03-31 06:51:41.133340
46,47,Ida Mcclanan,04/04/1975,29895455665,0,F,Yvonne Badger,,2019-03-31 06:51:41.133183,2019-03-31 06:51:41.133263,2019-03-31 06:51:41.133340
47,48,Robert Green,28/06/1954,27381255574,1,F,Ivonne Duffield,,2019-03-31 06:51:41.133183,2019-03-31 06:51:41.133263,2019-03-31 06:51:41.133341
48,49,Julia Thornhill,11/02/1942,46637904760,1,M,Shelly Washington,,2019-03-31 06:51:41.133183,2019-03-31 06:51:41.133263,2019-03-31 06:51:41.133341
49,50,Dean Romer,22/02/1967,18351259434,1,F,Anna Burnley,,2019-03-31 06:51:41.133184,2019-03-31 06:51:41.133264,2019-03-31 06:51:41.133341
50,51,Jennifer Foster,12/07/1979,42322903740,1,M,Anna Manahan,,2019-03-31 06:51:41.133184,2019-03-31 06:51:41.133264,2019-03-31 06:51:41.133342
51,52,Fred Ruiz,24/12/1998,42321034891,0,F,Samantha Calleja,,2019-03-31 06:51:41.133184,2019-03-31 06:51:41.133264,2019-03-31 06:51:41.133342
52,53,Edna Rudnicki,30/04/2003,40867620205,1,F,Sandra Jackson,,2019-03-31 06:51:41.133185,2019-03-31 06:51:41.133264,2019-03-31 06:51:41.133342
53,54,Bernadette Spurlock,30/10/1954,30615981131,0,F,Maia Zambelli,,2019-03-31 06:51:41.133185,2019-03-31 06:51:41.133265,2019-03-31 06:51:41.133343
54,55,Catherine Mathews,03/01/1980,34391497837,0,F,Isabel Sims,,2019-03-31 06:51:41.133185,2019-03-31 06:51:41.133265,2019-03-31 06:51:41.133343
55,56,Alva Sutton,16/10/1969,47870891218,1,M,Billy Smith,,2019-03-31 06:51:41.133186,2019-03-31 06:51:41.133265,2019-03-31 06:51:41.133343
56,57,Walter Mcdiarmid,24/09/1955,46586783309,0,M,Lila Watkins,,2019-03-31 06:51:41.133186,2019-03-31 06:51:41.133266,2019-03-31 06:51:41.133344
57,58,Kenneth Maxfield,05/04/1987,11077249938,0,F,Melanie Ramsey,,2019-03-31 06:51:41.133186,2019-03-31 06:51:41.133266,2019-03-31 06:51:41.133344
58,59,Edith Young,06/06/1970,18193829977,1,M,Maribel Bailey,,2019-03-31 06:51:41.133187,2019-03-31 06:51:41.133266,2019-03-31 06:51:41.133344
59,60,Zula Luna,09/12/1945,25838763333,1,M,Maria Mcglothlin,,2019-03-31 06:51:41.133187,2019-03-31 06:51:41.133267,2019-03-31 06:51:41.133345
60,61,Brady Lorenz,21/04/1972,28646246040,0,F,Linda Wilson,,2019-03-31 06:51:41.133187,2019-03-31 06:51:41.133267,2019-03-31 06:51:41.133345
61,62,Anita Nieves,14/06/1954,16395960373,1,F,Jean Blanchard,,2019-03-31 06:51:41.133188,2019-03-31 06:51:41.133267,2019-03-31 06:51:41.133345
62,63,Katherine Johnson,07/05/1971,13215620436,1,M,Bertha Berner,,2019-03-31 06:51:41.133188,2019-03-31 06:51:41.133268,2019-03-31 06:51:41.133346
63,64,Gillian Whiting,05/06/1941,13640804465,1,F,Lacy Flenard,,2019-03-31 06:51:41.133188,2019-03-31 06:51:41.133268,2019-03-31 06:51:41.133346
64,65,Lena Olivares,03/08/1950,25138361046,0,M,Janie Smith,,2019-03-31 06:51:41.133189,2019-03-31 06:51:41.133268,2019-03-31 06:51:41.133346
65,66,Jodi Kimbrough,24/09/1989,37184505291,0,F,Mary Weiss,,2019-03-31 06:51:41.133189,2019-03-31 06:51:41.133269,2019-03-31 06:51:41.133347
66,67,Nathan Tade,14/05/1987,12048845431,0,M,Sandra Waits,,2019-03-31 06:51:41.133189,2019-03-31 06:51:41.133269,2019-03-31 06:51:41.133347
67,68,Rolando Lewis,26/08/1952,43380136596,1,M,Priscilla Long,,2019-03-31 06:51:41.133190,2019-03-31 06:51:41.133269,2019-03-31 06:51:41.133347
68,69,Enrique Christensen,21/10/2003,38783503452,0,M,Jacqueline Kelley,,2019-03-31 06:51:41.133190,2019-03-31 06:51:41.133270,2019-03-31 06:51:41.133348
69,70,Bryan Buchanan,01/12/1979,12754992384,0,M,Terrie Morales,,2019-03-31 06:51:41.133190,2019-03-31 06:51:41.133270,2019-03-31 06:51:41.133348
70,71,Ray Nero,27/08/1971,23704258083,0,M,Glenda Mcdaniel,,2019-03-31 06:51:41.133190,2019-03-31 06:51:41.133270,2019-03-31 06:51:41.133348
71,72,Mary Shippee,31/07/1946,44017408458,1,M,Judy Ciriaco,,2019-03-31 06:51:41.133191,2019-03-31 06:51:41.133271,2019-03-31 06:51:41.133348
72,73,Tommy Hammer,26/05/1969,25689051069,1,M,Heather Lowe,,2019-03-31 06:51:41.133191,2019-03-31 06:51:41.133271,2019-03-31 06:51:41.133349
73,74,Karen Hulsey,20/06/1968,21850343069,1,M,Anne Brown,,2019-03-31 06:51:41.133192,2019-03-31 06:51:41.133271,2019-03-31 06:51:41.133349
74,75,David Crosby,20/04/1947,10432523715,1,M,Edna Hoefling,,2019-03-31 06:51:41.133192,2019-03-31 06:51:41.133272,2019-03-31 06:51:41.133350
75,76,Carlos King,24/01/1987,15935566586,1,F,Colleen Chisholm,,2019-03-31 06:51:41.133192,2019-03-31 06:51:41.133272,2019-03-31 06:51:41.133350
76,77,Grace Lewis,22/01/1977,39070342191,0,M,Clorinda Higgins,,2019-03-31 06:51:41.133193,2019-03-31 06:51:41.133272,2019-03-31 06:51:41.133350
77,78,Jerry Pate,04/09/1978,39503383168,0,F,Helen Simon,,2019-03-31 06:51:41.133193,2019-03-31 06:51:41.133273,2019-03-31 06:51:41.133351
78,79,Laurel Surratt,31/07/1964,35193125289,1,M,Leticia Oxley,,2019-03-31 06:51:41.133193,2019-03-31 06:51:41.133273,2019-03-31 06:51:41.133351
79,80,Jasper Sullivan,29/12/1958,12157223400,0,M,Alicia Garcia,,2019-03-31 06:51:41.133194,2019-03-31 06:51:41.133273,2019-03-31 06:51:41.133351
80,81,Jessie Deoliveira,10/01/1987,38801702069,1,F,Elizabeth Edwards,,2019-03-31 06:51:41.133194,2019-03-31 06:51:41.133274,2019-03-31 06:51:41.133352
81,82,Gregg Perry,08/06/1977,33629966021,0,M,Lois Fisher,,2019-03-31 06:51:41.133194,2019-03-31 06:51:41.133274,2019-03-31 06:51:41.133352
82,83,Charles Marston,21/09/2000,33284335358,1,F,Carol Campbell,,2019-03-31 06:51:41.133194,2019-03-31 06:51:41.133274,2019-03-31 06:51:41.133352
83,84,Bob Anderson,17/12/1998,29782608472,1,M,Kristen Glinski,,2019-03-31 06:51:41.133195,2019-03-31 06:51:41.133275,2019-03-31 06:51:41.133352
84,85,Justin Dempsey,13/04/1999,32148095910,0,M,Carole Fix,,2019-03-31 06:51:41.133195,2019-03-31 06:51:41.133275,2019-03-31 06:51:41.133353
85,86,Marth Jackson,02/03/1944,15047712468,1,F,Kathryn Norgaard,,2019-03-31 06:51:41.133195,2019-03-31 06:51:41.133275,2019-03-31 06:51:41.133353
86,87,Nancy Ross,27/07/1959,42608737061,0,M,Patricia Dicus,,2019-03-31 06:51:41.133196,2019-03-31 06:51:41.133275,2019-03-31 06:51:41.133353
87,88,Michael Leach,15/05/1982,19001508233,0,M,Anna Mcclure,,2019-03-31 06:51:41.133196,2019-03-31 06:51:41.133276,2019-03-31 06:51:41.133354
88,89,Jay Moore,28/06/1994,23961141760,1,F,Myrtle Battaglia,,2019-03-31 06:51:41.133196,2019-03-31 06:51:41.133276,2019-03-31 06:51:41.133354
89,90,Alfred Allen,01/08/1962,46674990559,1,M,Lisa Stewart,,2019-03-31 06:51:41.133197,2019-03-31 06:51:41.133277,2019-03-31 06:51:41.133354
90,91,Lacresha Harmon,06/02/1962,44990042626,1,F,Estella Almeida,,2019-03-31 06:51:41.133197,2019-03-31 06:51:41.133277,2019-03-31 06:51:41.133355
91,92,Reginald Sandling,27/07/1982,30345589290,1,F,Rosemary Askew,,2019-03-31 06:51:41.133197,2019-03-31 06:51:41.133277,2019-03-31 06:51:41.133355
92,93,Leesa Lemelin,03/09/1968,10718752430,0,M,Margaret Hernandez,,2019-03-31 06:51:41.133198,2019-03-31 06:51:41.133278,2019-03-31 06:51:41.133355
93,94,Trisha Austin,07/06/1977,41565026362,0,M,Jacqueline Bandy,,2019-03-31 06:51:41.133198,2019-03-31 06:51:41.133278,2019-03-31 06:51:41.133356
94,95,Marietta Daniel,24/10/1971,15937052804,1,M,Pansy Doonan,,2019-03-31 06:51:41.133198,2019-03-31 06:51:41.133278,2019-03-31 06:51:41.133356
95,96,Hilda Brenner,22/11/1951,30404770824,0,M,Lorena Morgan,,2019-03-31 06:51:41.133199,2019-03-31 06:51:41.133278,2019-03-31 06:51:41.133356
96,97,Michael Johnson,28/11/1988,11752104662,0,F,Rita Johnson,,2019-03-31 06:51:41.133199,2019-03-31 06:51:41.133279,2019-03-31 06:51:41.133357
97,98,Debra Strickland,06/11/1985,16797428680,1,F,Patricia Murphy,,2019-03-31 06:51:41.133199,2019-03-31 06:51:41.133279,2019-03-31 06:51:41.133357
98,99,Jennifer Syers,23/03/1958,22634829097,0,F,Kathleen Harris,,2019-03-31 06:51:41.133200,2019-03-31 06:51:41.133279,2019-03-31 06:51:41.133357
99,100,Willa Stone,04/11/1981,10408691797,1,F,Pamela Dobbs,,2019-03-31 06:51:41.133200,2019-03-31 06:51:41.133280,2019-03-31 06:51:41.133358
